{
    "$schema": "https://schema.management.azure.com/schemas/2015-01-01/deploymentParameters.json#",
    "contentVersion": "1.0.0.0",
    "parameters": {
        "subscriptions_5ee1bb3e31e0a7007d070001_displayName": {
            "value": null
        },
        "subscriptions_5ee1bb3f31e0a7007d070002_displayName": {
            "value": null
        },
        "subscriptions_5ee1e9335c7c471358a81b82_displayName": {
            "value": null
        },
        "users_1_lastName": {
            "value": null
        },
        "service_demo2_name": {
            "value": null
        }
    }
}